start,end,avg_zscore_deltaSVM_deltaDNN_deltaProteinBERT_pvalue
129,148,0.02992518422331192
130,149,0.017684842186927587
131,150,0.01695776588902912
132,151,0.0257387576273185
133,152,0.021186483515689584
134,153,0.014553997578589455
135,154,0.017528451983445572
136,155,0.023246367157823845
137,156,0.034247716226289984
138,157,0.019051311126941497
139,158,0.01714982911388793
140,159,0.0006756005252850757
141,160,3.727626527599966e-06
142,161,5.815117590806506e-06
143,162,2.5800679737474255e-06
144,163,6.657118903149382e-06
145,164,8.8354982144116e-06
146,165,3.2331779692527047e-05
147,166,0.0002893537125914081
148,167,0.0001976754984765979
149,168,0.00016100735398498966
150,169,0.0001192404139705574
151,170,0.004284408999564937
152,171,0.0037471338230551047
153,172,0.005314705377162916
154,173,0.004197751906863469
155,174,0.0031178962522774955
156,175,0.0036474256421531502
157,176,0.0033994338001726203
158,177,0.004805419741334721
159,178,0.03791256131687114
161,180,0.008791188940471697
169,188,0.016948292382192136
170,189,0.016541594953379098
171,190,0.01613468697107314
172,191,0.016039037361313516
173,192,0.015658945223561958
174,193,0.01699564131247542
175,194,0.01574837993621056
176,195,0.01990001788354449
177,196,0.020990562894503642
178,197,0.021545538007098904
179,198,0.020870818080526828
180,199,0.021355110179588372
181,200,0.019394952766513242
182,201,0.01769607128026673
183,202,0.01996801127659804
184,203,0.018991427848524818
185,204,0.018885587535969663
186,205,0.041796052786519405
187,206,0.048872802021708156
267,286,0.037586331345809305
