start,end,avg_zscore_deltaSVM_deltaDNN_deltaProteinBERT_pvalue
249,268,0.01838975776238033
250,269,0.030808206618522144
256,275,0.005464639526408491
257,276,0.0021426226251926206
258,277,0.003418629098351703
259,278,0.001784076132310402
260,279,0.00036772759921166183
261,280,0.0004928313269666871
262,281,0.00037599332446511827
263,282,0.0003471838235558933
264,283,0.0003434870901074704
265,284,0.0003526303008343287
266,285,0.00035970336594068645
267,286,0.0003091668157827453
268,287,0.0003405618138469138
269,288,0.00011063346645195906
270,289,0.00020428038774483327
271,290,0.043576324382241134
465,484,0.03250033651774236
484,503,0.04237786541171848
533,552,0.04979116511985508
534,553,0.04750378357426035
535,554,0.04945631821833544
536,555,0.025817407568071434
537,556,0.020768069310287404
538,557,0.017369936223489466
550,569,0.04593544377510803
675,694,0.037004929775535905
676,695,0.002399421101875236
677,696,0.0021400788388189138
678,697,7.093511572741781e-05
679,698,7.191747961887295e-05
680,699,7.494801250498971e-05
681,700,6.140876876123301e-05
682,701,8.402506955029645e-05
683,702,0.0004692724273569786
684,703,0.003229385267326739
685,704,0.0030084478896923953
686,705,0.0029618902363982335
687,706,0.002943962800970345
688,707,0.0029859416411637425
689,708,0.0028229116418771213
690,709,0.00279287507481868
691,710,0.0026302238137762847
692,711,0.002727741885072541
693,712,0.0027579694829901772
694,713,0.002557311459408615
695,714,0.0033050985543432976
696,715,0.012209690413977339
697,716,0.03725276789995683
698,717,0.04409800602320275
712,731,0.049957434777697235
715,734,0.04885917325463392
716,735,0.048817031709489304
