start,end,min_of_avg_zscore_deltaSVM_deltaDNN_deltaProteinBERT_pvalues
249.0,290.0,0.00011063346645195906
465.0,503.0,0.00011063346645195906
533.0,569.0,0.00011063346645195906
675.0,735.0,6.140876876123301e-05
